id;title;jhi_body;author
1;mobile Fish;486f6d65204c6f616e204163636f756e74205461626c6520436f6d7075746572;Trace
2;Savings Account alarm;5461737479204d6574616c204261636f6e;red Chips Soap
3;Home Loan Account;7765622d72656164696e657373;Namibia
4;Steel zero administration;4d756c74692d6368616e6e656c6c6564204c6963656e736564;grey Cambridgeshire
5;Canyon HDD;5461626c6520536d616c6c2046726f7a656e20536175736167657320506c616e6e6572;envisioneer Music Public-key
6;infomediaries;496e766573746d656e74204163636f756e74;Games Regional Digitized
7;copy convergence;4d61796f747465;Industrial
8;connect Markets Chief;636170616369746f722061726368697665;sky blue Tasty Plastic Pizza
9;compress South Georgia and the South Sandwich Islands;636f6d70656c6c696e67206d697373696f6e2d637269746963616c;bifurcated scalable
10;Small;64656c6976657261626c6573207265696e76656e7420323420686f7572;overriding
